intent,category,question,answer
during_general,during,what should I do during an earthquake | earthquake is happening now | the ground is shaking right now what do I do | earthquake right now | shaking started what now | the building is shaking | everything is moving | its an earthquake | I feel a tremor what do I do | furniture is rattling | things are falling off the shelves | quake is happening | how to stay safe during shaking | what do I do if there is an earthquake | the room just lurched | sudden jolt and now the floor is rolling | the floor is swaying | what to do if the ground rolls | the lights are swinging | what is the right move when the floor moves | the whole place is vibrating | there is an earthquake | there is an earthquake right now | an earthquake is happening | earthquake | earthquake now | its an earthquake right now | we are having an earthquake | there is a quake happening here | it is shaking here,"DROP to your hands and knees. COVER your head and neck under a sturdy table or against an interior wall. HOLD ON until the shaking stops. Stay away from windows, glass and heavy furniture, and don't run outside while the ground is moving."
help_now,during,help | help me | HELP | oh my god earthquake | I am going to die | somebody help | please help me | what do I do | im panicking | i dont know what to do | emergency | its happening | please help earthquake | I am so scared please tell me what to do | I am freaking out what do I do | tell me what to do quickly | someone please help | I need help right now,"Stay calm - you can do this. If the ground is shaking: DROP down, COVER your head and neck, HOLD ON. Don't run. When it stops, check yourself for injuries, then move carefully to a safe open area. If anyone is in danger, call your local emergency number (for example 112 or 911)."
during_outdoors,during,I am outside during an earthquake | what to do outdoors during a quake | I am in the street and the ground is shaking | I am in a park when an earthquake hits | earthquake while walking on the road | I am outside near buildings and it is shaking | standing outside what do I do in a quake,"Move away from buildings, trees, streetlights, signs and power lines to an open area, then drop, cover your head and neck, and hold on until the shaking stops. Falling glass and debris near buildings are the biggest danger outside."
during_car,during,I am driving during an earthquake | what to do in a car when earthquake hits | earthquake while driving | I am in my car and the road is shaking | I am on a bike or scooter during an earthquake | earthquake on the highway | quake while I am behind the wheel,"Slow down and pull over to a clear spot away from buildings, bridges, overpasses, trees and power lines. Stop, set the parking brake and stay inside with your seatbelt on until the shaking stops. Afterwards, avoid damaged roads and bridges. If you are on a two-wheeler, stop and stay away from poles and buildings."
during_bed,during,I am in bed during an earthquake | earthquake at night while sleeping | the earthquake woke me up | shaking in the middle of the night | I am lying down and the room is shaking | what to do if a quake hits while I sleep,"Stay where you are, turn face down and cover your head and neck with a pillow. Moving in the dark risks cuts from broken glass and injuries from falling objects. Once the shaking stops, put on shoes before you walk."
during_elevator,during,can I use the elevator in an earthquake | I am in an elevator during an earthquake | stuck in a lift when the earthquake started | lift is shaking | should I take the lift after a quake | elevator or stairs during an earthquake,"Avoid elevators during and after an earthquake. If you're already inside one when the shaking starts, press all the floor buttons and get out at the first opportunity, then use the stairs. If you're stuck, use the emergency call button and wait for help."
doorway,during,is standing in a doorway safe | should I stand in a doorway during an earthquake | is it better to hide in a doorway | do doorways protect you in an earthquake | stand under the door frame,"That's an old tip. Current guidance is Drop, Cover and Hold On. Doorways are not reliably stronger than the rest of the building and don't protect you from falling objects. Get under a sturdy table or desk instead."
during_mobility,during,I use a wheelchair or have limited mobility during an earthquake | I cannot get on the floor during an earthquake | I use a walker what do I do in a quake | my parent is in a wheelchair and there is an earthquake | I am elderly and cannot drop to the ground | my mother uses a walking frame and the building is shaking | a disabled person is with me during shaking | my senior citizen parent cannot get down on the floor | someone in a mobility scooter during a quake | I am on crutches and the ground is shaking,"Lock your wheels if you're in a wheelchair, bend forward and cover your head and neck with your arms, a bag or a book, and stay where you are until the shaking stops. If you can't get to the floor, protect your head and neck as best you can. Move away from windows and tall furniture if you can do it safely."
during_highrise,during,I am on a high floor during an earthquake | I live in an apartment tower and it is shaking | I am on the 10th floor and there is an earthquake | the tall building is swaying | should I run down the stairs from my flat | earthquake in a high rise,"Drop, cover and hold on where you are, away from windows and balcony doors. Swaying in tall buildings is normal and expected. Don't run for the stairs or use the lift while it's shaking. Alarms and sprinklers may go off. Once it stops, leave via the stairs if the building is damaged or there is a fire or gas smell."
during_crowd,during,I am in a mall during an earthquake | earthquake in a cinema or theatre | I am in a stadium or crowded place and the ground is shaking | I am at a concert when a quake hits | earthquake at the market | I am in a supermarket and it is shaking | should I run to the exit in a crowd | I am in a busy public place and people are panicking | people are stampeding at the mall during a quake | huge crowd rushing to the exit during the shaking | we are in a hall full of people and it is shaking | I am in a restaurant full of people during a tremor,"Drop, cover your head and neck (use your arms or a bag) and hold on right where you are, away from shelves, glass and hanging signs. Don't rush toward exits - crowd crushes injure people in quakes. When the shaking stops, leave calmly via stairs and keep walkways clear."
during_school_work,during,I am at school during an earthquake | I am in class and it is shaking | I am a teacher what do I tell students during a quake | earthquake at my office | I am at my desk and the building is shaking | earthquake in a classroom | my students are in the classroom and the walls are trembling | I am a teacher and the building is shuddering | kids in my class and it is shaking | I am in a meeting room and the building is shaking | staff at my workplace are panicking during a tremor,"Get under your desk or a sturdy table, cover your head and neck and hold on. Teachers: calmly call out 'Drop, cover, hold on', and keep students away from windows and lights. When the shaking stops, evacuate in an orderly way via stairs to the open assembly area and take a head count."
during_mountains,during,I am hiking and there is an earthquake | earthquake in the mountains | I am on a hillside during a quake | landslide after earthquake | falling rocks during shaking | I am near a cliff when the ground shakes,"Move away from steep slopes, cliffs and loose rock if you can, then drop and protect your head. Expect rockfalls and landslides during and after the shaking. Afterwards, avoid slopes, stream beds and damaged trails, and move to stable open ground."
during_rooms,during,I am in the kitchen during an earthquake | earthquake while cooking | I am in the bathroom when it starts shaking | I am in the shower during an earthquake | I am in the living room and the TV is shaking | quake while I am on the toilet,"Don't try to run through the house. Drop, cover your head and neck and hold on where you are, away from glass, mirrors, cabinets and heavy objects that can fall. In the kitchen, step away from the stove and tall shelves. Afterwards, turn off the stove and check for gas smells."
during_transit,during,I am on a train during an earthquake | earthquake in the metro | I am on a bus when the ground shakes | I am on a bridge during a quake | earthquake in a tunnel | I am on a flyover and it is shaking,"On a train, bus or metro, hold on firmly, stay seated or crouch low, and stay put until it stops - follow the crew's instructions. On a bridge or flyover, stop if you're driving and stay in the vehicle; don't walk on the structure afterwards if it's damaged. Don't enter a tunnel after strong shaking."
during_pregnant_baby,during,I am pregnant and there is an earthquake | I am holding my baby during an earthquake | earthquake with a newborn | I have a toddler with me and it is shaking | what to do with a baby in a quake,"Get low and cover your head and neck, and protect your belly or your baby with your body. Hold on until the shaking stops. Afterwards, if you are pregnant and have pain, bleeding or reduced baby movement, or your child seems hurt, get medical help."
after_general,after,what should I do after an earthquake | earthquake is over what now | the shaking stopped | the quake just ended what next | what to do right after the shaking stops | first steps after a quake,"Check yourself and others for injuries and give first aid. Put on sturdy shoes, and check for hazards such as gas leaks, damaged wiring and fires. Expect aftershocks (Drop, Cover and Hold On again). Use text messages instead of calls to keep lines free, and follow official updates."
gas_leak,after,I smell gas after an earthquake | gas leak | smells like gas in my house | should I turn off the gas | LPG cylinder leaking after quake | hissing sound from the gas pipe | there is a gas odour in the kitchen | I can smell cooking gas | the cylinder is leaking | rotten egg smell in the house | smell of propane after the quake | there is a strong smell of fuel indoors,"Don't use flames, light switches, phones or electronics inside. Open windows, shut off the main gas valve only if you know how and it's safe, leave the building and call for help from outside."
aftershocks,after,what are aftershocks | will there be more shaking | another tremor just happened | is there going to be a second earthquake | how long do aftershocks last | I feel small tremors again,"Aftershocks are smaller quakes that follow the main shock and can go on for days or weeks. Some are strong enough to damage weakened buildings, so treat each one with Drop, Cover and Hold On and stay out of damaged structures."
tsunami,after,tsunami warning | I am near the coast after an earthquake | will there be a tsunami | the sea is pulling back | I live by the beach and felt strong shaking | the water level is dropping at the shore | is there a tsunami risk after this earthquake | I am at the beach and the ground shook hard | should I run away from the sea after the shaking | the ocean went out suddenly,"If you're near the coast and feel strong or long shaking, or get an official warning, move immediately to high ground or inland - don't wait for an alert. Don't go down to watch the sea. Stay away until authorities say it's safe, because waves can keep coming for hours."
trapped,after,I am trapped under rubble | help I am buried | I am stuck under debris | something heavy fell on me and I cannot move | I am trapped in a collapsed building | my family is trapped under the house | my leg is pinned under debris | I am pinned under a beam | stuck under a fallen wall | I cannot free myself from the rubble | a slab fell on my leg | there is concrete on top of me,"Try not to move around and kick up dust. Cover your mouth with cloth, tap on a pipe or wall or use a whistle instead of shouting, so you save your energy, and don't light matches. Call your local emergency number if you can. Rescuers are looking for you."
water_safety,after,is tap water safe after an earthquake | drinking water after quake | can I drink the water now | water looks cloudy after the earthquake | how to purify water in an emergency,"Pipes may be damaged or contaminated. Use stored water until authorities confirm the tap water is safe, and boil it (rolling boil for a minute or so) or treat it if you have no other option."
power_out,after,the power is out after an earthquake | no electricity | blackout after quake | should I use candles | can I run a generator indoors | there are sparks from the wires | downed power lines outside | electric wires fell on the road | live wires hanging on the street | cables sparking on the pole | electricity lines snapped after the quake,"Use flashlights instead of candles, keep the fridge closed, unplug appliances and only run generators outdoors, well away from windows, because of carbon monoxide. Stay far from fallen or sparking power lines and report them."
food_safety,after,is the food in my fridge safe after a power cut | how long does food last without electricity | should I throw away food after the earthquake | frozen food thawed | is my milk still good after the blackout | can I eat the food from the fridge after the outage | meat in the freezer thawed after no power for hours | is cooked food safe after the electricity went out,"A closed fridge keeps food cold for about 4 hours, a full freezer for roughly a day. Discard perishable food that has been above cold temperature for more than a couple of hours, and when in doubt, throw it out."
building_damage,after,can I go back inside my house | there are cracks in my wall after the earthquake | is my building safe after the earthquake | my house is leaning | should I stay inside after the quake | cracks in the ceiling and floor | when can I return home | is it safe to enter my cracked home | the walls have big cracks can I go inside | is the house safe to go in | my building tilted after the quake | the ceiling has a crack can we stay,"Don't re-enter if you see a leaning structure, large or widening cracks, a sagging roof or floor, a gas smell or flooding. Even if it looks fine, aftershocks can bring weakened parts down. Wait for a qualified engineer or the local authority to inspect it. Small hairline plaster cracks are common but should still be checked."
fire,after,there is a fire after the earthquake | smoke in the building | my neighbour's house is on fire | something is burning after the quake | sparks and fire from a wire | flames are coming from a building nearby | there is a blaze next door | the house across the road is burning | I see fire and smoke after the shaking | gas fire after an earthquake,"Get out fast, staying low under the smoke, and don't use elevators. Call your local emergency number from outside. If the fire is small and you know how, use an extinguisher, but never risk being cut off from the exit."
first_aid,after,someone is bleeding | my friend is unconscious | I think someone has a broken bone | how do I help an injured person after the quake | a person is not breathing | he is hurt and not moving | there is a person with a head injury | my neighbour is unconscious | a person is lying still and not responding | he fell and is bleeding badly | someone has a deep cut | I think her arm is broken | somebody is injured and in pain,"Call your local emergency number first if you can. For bleeding, press firmly on the wound with a clean cloth and keep pressing. Don't move someone with a suspected neck, back or head injury unless there is immediate danger. If a person isn't breathing and you're trained, start CPR."
contact_family,after,how do I contact my family after an earthquake | phone lines are jammed | I cannot reach my parents | how can I tell people I am safe | network is down after the quake | where is my family | I can't get a call through to my mother | calls are not connecting to my relatives | no signal to call my parents | how do I find out if my kids are safe | I can't phone my family,"Send text messages or use data-based apps instead of calling - voice lines jam quickly. Use a 'mark safe' feature if you have one, and contact your out-of-area contact so they can pass news around. Keep calls short and save your battery."
evacuate,after,should I evacuate | where should I go after an earthquake | do I need to leave my home | should we stay in the building | is it safe to stay home after the quake | where is the nearest shelter | do we need to move out of the building | is it time to leave our apartment | should we go to a shelter | should we sleep outside tonight | should I leave my flat now | do we need to go to a relief camp,"Leave if your building is damaged, there is a gas smell or fire, you're in a tsunami or landslide zone, or the authorities tell you to. Take your emergency kit, documents and medicines, and head for an open area or the official shelter. If your home is undamaged, staying put is often safest."
emergency_kit,prepare,what should be in an emergency kit | emergency supplies checklist | go bag | what to pack for an earthquake | how much water should I store | list of things to keep for a disaster,"Water (about 4 litres / 1 gallon per person per day for at least 3 days), non-perishable food, a flashlight, battery or hand-crank radio, a first-aid kit, spare batteries, a power bank, a whistle, essential medicines, copies of documents, some cash, sturdy shoes and masks."
family_plan,prepare,how do I make a family emergency plan | family earthquake plan | where should we meet after an earthquake | how to prepare my family for a quake | emergency contact plan for family,"Pick meeting spots inside and outside your home, choose an out-of-area contact, make sure everyone knows how to shut off gas, water and electricity, practise drills twice a year and add emergency contacts in the app."
home_safety,prepare,how can I make my home safer | earthquake proof my house | how to secure furniture | what to fix at home before an earthquake | where should I keep heavy things | how do I secure my water heater or gas cylinder | how do I stop my bookcase from toppling | how to keep shelves from falling during a quake | how to fasten a wardrobe to the wall | what should I do about my heavy furniture and tv | keep objects from falling in my flat | secure my cupboard,"Anchor tall furniture and the water heater to walls, store heavy items low, move hanging objects and heavy frames away from beds and seats, know where your shutoff valves are and use flexible gas connectors."
renting,prepare,I rent my flat what can I do to prepare | I cannot drill into the walls | how to secure things as a tenant | I live in a rented apartment is there anything I can do,"Use non-damaging options: museum putty or adhesive straps for small items, tension or strap kits for tall furniture (ask your landlord before drilling), put heavy things low, keep your bed away from windows and heavy shelves, and keep your kit and shoes by the bed."
kids_pets,prepare,what should I do about children and pets in an earthquake | how do I prepare my kids for earthquakes | how do I keep my dog safe in a quake | teach children what to do in an earthquake | pets and earthquakes | how can I protect my dog in an earthquake | what about my cat during a quake | pet safety in an earthquake | my dog gets scared in tremors | what should I do with my animals | how do I keep my pets calm during a quake,"Teach children to drop, cover and hold on as a game, and practise it. Keep them close during shaking. For pets, keep carriers, leashes, food and records near your emergency kit - frightened animals may bolt, so keep them leashed or contained afterwards."
drills,prepare,how often should we practise earthquake drills | how do I run an earthquake drill | earthquake drill at home | what is drop cover hold on | how to practice drop cover and hold on | how do we rehearse for a quake | how should my family practise for an earthquake | how to train for earthquakes | earthquake safety exercise at home | how do I practise for an earthquake at work,"Practise at least twice a year at home, school and work: Drop to your hands and knees, Cover your head and neck under a sturdy table, Hold On to it and shuffle with it if it moves. Time yourselves and talk through what to do afterwards."
elderly_disability_prep,prepare,how do I prepare my elderly parents for an earthquake | emergency plan for someone with a disability | I am blind or deaf how can I prepare | medicines for my grandparents in an emergency | prepare for a person who uses oxygen,"Keep at least a week of essential medicines and copies of prescriptions, spare glasses, hearing-aid batteries and mobility aids with your kit. Arrange a nearby 'buddy' who can check on you, plan accessible exit routes, and tell local emergency services about any equipment that needs power."
documents,prepare,how do I protect important documents | what documents should I keep ready | should I keep copies of my IDs | scan documents for a disaster,"Keep copies of IDs, insurance, property papers and medical records in a waterproof pouch in your go bag, and store digital copies in a secure cloud account or on an encrypted drive that a trusted person can also access."
building_check,prepare,is my building earthquake safe | how do I know if my home is earthquake resistant | what is retrofitting | should I get my house inspected | will my old building survive an earthquake | how safe is my apartment | can an engineer inspect if my flat would hold up in a big quake | would my building collapse in a strong earthquake | who can assess whether my house is safe from quakes | how can I find out if my building is quake resistant | is my old house structurally safe,"I can't judge a specific building. A licensed structural engineer can assess it and recommend retrofitting. Older masonry and buildings without proper reinforcement are generally more vulnerable, so ask for an inspection and check against local building codes."
magnitude_intensity,science,what is magnitude | magnitude vs intensity | difference between magnitude and intensity | what does MMI mean | what is the mercalli scale,"Magnitude measures the energy released at the source and is one number per earthquake. Intensity (such as the Modified Mercalli scale) describes shaking and damage at a particular place and changes with distance, depth and ground conditions."
richter,science,what is the richter scale | is richter scale still used | how much stronger is magnitude 7 than 6 | how do magnitudes compare | how many times more powerful is a magnitude 7 than a 6 | what is the energy difference between magnitudes | is every magnitude step ten times stronger | how much bigger is a 8 than a 7,"Seismologists now mostly use the moment magnitude scale, which replaced the Richter scale for large quakes. It's logarithmic: each whole number is about 10 times larger in wave amplitude and roughly 32 times more energy."
how_strong,science,how bad is a magnitude 6 earthquake | what does a magnitude 5 feel like | is magnitude 4 dangerous | can a magnitude 3 earthquake cause damage | how strong is a 7.0 | is a 5.5 earthquake serious | how dangerous is a 6.2 quake | is a magnitude 4.5 big | what damage does a 6.5 do | is a 3.8 quake worth worrying about,"Roughly: below M3 is rarely felt, M4 is felt indoors with little damage, M5 can damage weak buildings, M6 can cause serious damage near the epicentre, and M7+ is a major quake. Real impact depends a lot on depth, distance, ground and building quality."
early_warning,science,how does earthquake early warning work | how does the app detect earthquakes | how do you know an earthquake is coming | how do the phones sense the quake | what is an earthquake alert | how do p waves help alerts | how does the system send an alert before the shaking | what technology is behind the alerts | how do alerts get sent so fast | how does the phone warn me before the quake arrives | how do p waves help the app warn people,"Early warning detects the fast, weaker P-waves that arrive before the damaging S-waves, confirms them across multiple sensors and sends alerts. Warning time is usually seconds, depending on how far you are from the epicentre."
prediction,science,can earthquakes be predicted | can you tell when an earthquake will happen | will there be an earthquake tomorrow | when is the next big earthquake | is a big earthquake coming | can you predict earthquakes with AI | is there any way to know in advance if a quake is coming | can anyone foresee earthquakes | is a quake going to hit soon | can we forecast earthquakes | is there a method to know an earthquake is about to strike | can seismologists predict the next big one,"No. Nobody can reliably predict when or where an earthquake will strike - not scientists, not AI, not this app. Early warning detects a quake that has already started, and preparedness is the best protection."
warning_time,science,how much warning time will I get | how many seconds of warning | how early will the alert come | will I get an alert before the shaking | how long do I have to react,"It ranges from a few seconds to tens of seconds for distant quakes. Close to the epicentre there may be little or none, but even a few seconds is enough to drop, cover and hold on."
p_s_waves,science,what are P waves and S waves | what is a p-wave | difference between primary and secondary waves | which wave is more damaging,"P-waves are faster, compressional waves that usually shake less. S-waves arrive later and move the ground side to side or up and down, causing most of the damage. Early warning uses the gap between them."
foreshock,science,are small tremors a sign of a bigger earthquake | I felt a small quake will a big one follow | what is a foreshock | does a small earthquake release the pressure | should I worry after a minor tremor | I felt a small tremor should I worry that a larger quake follows | does a minor quake mean a major one is coming | could the tremor today be a warning of a big earthquake | is a little tremor a sign of something bigger,"Most small quakes are not followed by a larger one, but a few are - and a quake only gets called a 'foreshock' in hindsight. It's no reason to panic, but it's a good prompt to check your kit and plan. Small quakes don't reliably 'release' enough energy to prevent a big one."
why_quakes,science,why do earthquakes happen | what causes earthquakes | what are tectonic plates | what is a fault line | what is the epicentre | what makes the ground shake | what causes the earth to move | how are earthquakes formed | why does the earth tremble | where do earthquakes come from,Earth's outer shell is split into tectonic plates that slowly move. Stress builds up along faults and is released suddenly as seismic waves - an earthquake. The point where it starts underground is the focus; the point directly above on the surface is the epicentre.
quake_myths,science,do animals sense earthquakes | does hot weather cause earthquakes | is earthquake weather real | can dogs predict earthquakes | are there signs before an earthquake | does the moon cause earthquakes | do cats and dogs sense earthquakes before they happen | can animals warn us of a quake | does unusual behaviour in pets mean an earthquake is coming | do birds act weird before earthquakes | is there any warning sign before a quake,"There's no reliable evidence that animal behaviour, weather or the Moon can predict earthquakes. Don't count on warning signs - rely on preparedness and official alerts."
area_risk,science,is my city at risk of earthquakes | which areas are earthquake prone | what seismic zone am I in | how risky is my area | is there a fault near me | earthquake hazard map | does my region get earthquakes | how likely is a big quake where I live | is my town on a fault line | which seismic zone is my area in,"I can't give a reliable local risk reading. Check your national seismological or geological survey's hazard map and the seismic zone listed in your local building code, or ask your local disaster management authority."
live_quake_info,science,was that an earthquake | did I just feel an earthquake | was there an earthquake just now | where was the earthquake | what was the magnitude of today's earthquake | any earthquake today | did the ground just shake | is there an earthquake near me | earthquake just happened where | where did the quake hit | how strong was the earthquake that just happened | was it a big one | what was that shaking | is there an earthquake right now somewhere,"I don't have a live earthquake feed, so I can't confirm it. Check your country's official seismology agency or the in-app alert. If you felt strong shaking, treat it as real: Drop, Cover and Hold On, then check for hazards and expect aftershocks."
notifications_off,app,notifications not working | how do I turn on alerts | I did not get an alert | the app did not warn me | why am I not receiving notifications | alerts are silent | no alert came when the quake hit | I never got a warning on my phone | my phone did not buzz when the quake hit | the app gave me no warning | I received no alert at all | alerts not coming through on my phone | no earthquake alert reached me,"Open the app settings and make sure notifications and location permission are on, and that battery optimisation or Do Not Disturb isn't blocking the app. (Replace with your app's real steps.)"
report_felt,app,I felt shaking how do I report it | report an earthquake | how do I submit a felt report | where do I say I felt the quake,Use the in-app 'I felt it' report if available. (Replace with your app's real steps.) Your report helps improve intensity maps.
false_alarm,app,I got a false alert | the app sent an alert but nothing happened | why did I get an alarm without shaking | the alert was wrong | false alarm from the app | I got an alert but felt nothing,"Sorry about that. Alerts can arrive for a quake that's far away or weaker where you are, so you may feel little or nothing. If you do get one, dropping and covering costs nothing. Please report false alarms in the app so the team can review them. (Replace with your reporting steps.)"
battery,app,does the app drain my battery | battery usage of the app | will this app kill my phone battery | why is the app using so much battery,"Motion sensing runs in the background, so some battery use is expected. (Replace with your measured battery impact and any battery-saver settings tips.)"
privacy_data,app,what data do you collect | do you track my location | is my data safe | who can see my location | do you sell my data | how is my privacy protected | delete my data,"I can't make claims about data handling beyond what's in the app's Privacy Policy, so please check it in the app settings. (Replace with a short summary of what you collect, why, retention and how to delete data.)"
contacts_app,app,how do I add emergency contacts | add family to the app | how to share my status with my family | set up emergency contacts in the app,Go to the emergency contacts section of the app and add the people you want notified. (Replace with your app's real steps.)
accuracy,app,how accurate are the alerts | can the alert be wrong | will it miss an earthquake | how reliable is earthquake early warning | what is the false alarm rate | could an alert fail to arrive | might the system miss a quake | what if the alert does not come | are alerts always on time | can the warning not go off sometimes | how often are the alerts missed,"Early warning is fast but not perfect. Magnitude and location estimates improve over the first few seconds, alerts may be late or absent close to the epicentre, and occasionally a false or missed alert happens. Treat it as an extra few seconds, not a guarantee."
offline,app,does it work without internet | will the app work if the network is down | do I need data for alerts | does the app work offline,"Receiving alerts normally needs a data connection, and strong quakes can disrupt networks. (Replace with whether your app has any on-device detection.) Keep a battery radio and offline copy of safety steps as a backup."
cost_support,app,is the app free | how much does it cost | I want to talk to a human | contact support | how do I reach customer care | I want to give feedback about the app | report a bug,"For pricing, support or feedback, please use the contact options in the app. (Replace with your support email or form.)"
languages,app,do you speak hindi | can you reply in tamil | is the app available in other languages | can you talk in spanish | change language,"I currently understand English best. (Replace with the languages your app supports.) For urgent help, call your local emergency number."
greeting,chat,hi | hello | hey | hey there | good morning | good evening | hii | hello bot | yo | namaste | hi there anyone here | sup | good afternoon | good day | hello there | greetings | hey hey | howdy | hiya | morning | evening | afternoon,"Hi! I'm Quake Guard's safety assistant. Ask me what to do during or after an earthquake, how to prepare, or how the app works. || Hello! I can help with earthquake safety and preparedness. What would you like to know? || Hey there. If you're in an emergency, tell me what's happening. Otherwise ask me anything about earthquake safety."
how_are_you,chat,how are you | how are you doing | how is it going | whats up | how do you do | are you ok,"I'm doing fine, thanks for asking. I'm here for earthquake safety questions whenever you need. || All good on my side! How can I help you stay prepared?"
thanks,chat,thanks | thank you | thank you so much | thanks a lot | thx | ty | that helped thanks | cheers | appreciate it | thank u,You're welcome. Stay safe! || Glad that helped. Ask me anytime. || Happy to help - and a little preparation goes a long way.
goodbye,chat,bye | goodbye | see you later | talk to you later | gotta go | good night | ok bye | cya | have a good night | I am leaving now | that is all bye | signing off | until next time,Take care and stay safe! || Goodbye. Keep your emergency kit handy. || Bye for now - I'll be here if you need me.
who_are_you,chat,who are you | what are you | are you a robot | are you a human | what is your name | are you an AI | are you real,"I'm an automated safety assistant in the Quake Guard app, not a person. I answer from earthquake-safety guidance written by the team, so I can't give medical, legal or engineering advice."
capabilities,chat,what can you do | what can I ask you | what do you know | how can you help me | what topics do you cover | help menu | what are your features,"I can help with: what to do during and after an earthquake, preparing your home, family and emergency kit, how early warning and magnitudes work, and how to use the app. I can't predict earthquakes or give live quake data."
ack,chat,ok | okay | cool | got it | alright | fine | understood | I see | noted | makes sense | k | oh ok | right | ok great | alright then | sure | yes | yeah | no | nope | perfect | great | nice | sounds good | fair enough | good to know | I will do that | will do,Okay. Ask me anything else about earthquake safety. || Got it. Anything else I can help with? || Sounds good.
compliment,chat,you are great | good bot | nice job | you are so helpful | awesome | love this app | well done | this is useful | you did well | well said | great answer | excellent | brilliant | good job | that was really clear | super helpful | you are the best | thats a good answer,"Thank you, that's kind. I'm glad it's useful! || Thanks! Staying prepared is the real win."
frustration,chat,this is useless | you are not helping | you did not answer my question | that is wrong | you are stupid | worst bot ever | that makes no sense | not what I asked | this app sucks | i hate this | this is rubbish | so annoying | wow terrible | ugh | you suck | useless bot | not helpful at all | what a waste of time | that was not helpful | you keep giving the same answer,"Sorry I missed the mark. Could you rephrase or give me a bit more detail, for example whether it's during or after a quake, or about preparing or the app? For urgent help, call your local emergency number. || I'm sorry about that. Tell me again what you need in a few words and I'll try again."
scared_anxious,chat,I am scared of earthquakes | I am so anxious about earthquakes | I cannot sleep since the earthquake | I keep feeling shaking even when nothing is happening | earthquakes terrify me | I am worried about my family | I am afraid another one will come | I have a fear of earthquakes | I feel so stressed about the tremors | I get panicky when I feel vibrations | any vibration makes me jump | I am so jumpy since the quake | I panic with every rumble | even a passing truck makes me think its a quake | I cannot relax since the tremor,"That makes sense - earthquakes are frightening, and feeling on edge afterwards is common. Try slow breathing: in for 4 counts, out for 6, a few times. Doing something concrete helps too, like packing a kit or making a family plan. If the worry stays strong or affects your sleep and daily life, talking to someone you trust or a health professional can help. || You're not alone in feeling this way. A few slow breaths can settle your body, and a simple plan - a kit, a meeting spot, a drill - can bring back a sense of control. If it keeps getting worse, please consider reaching out to a doctor or counsellor."
out_of_scope,chat,best pizza recipe | tell me a joke | what is the weather today | who won the football match | write me a poem | what is 25 times 17 | how do I learn python | who is the prime minister | what is the stock price of apple | recommend a movie | translate this sentence | what is the capital of france | sing a song | play music | book a flight | news today | what time is it | order food | tell me about football | how do I bake a cake | what is the meaning of life | recommend a good laptop | best phone to buy | who is the best cricketer | how do I lose weight | give me a recipe for biryani | tell me a story | explain quantum physics | help me with my homework | write an essay on climate | how to make tea | suggest some movies | is it going to rain tomorrow | what is bitcoin | how do I fix my car | who invented the telephone | translate hello into french | what is the population of india | how do I get a job | tell me about the moon landing | how do I cook rice | what should I name my puppy | do you like music | what is your favourite colour | help me write a cv | what is love | how to invest in shares | tell me something interesting | solve this maths problem | who is the richest man | what is the best programming language | how to start a business,"That's outside what I can help with - I focus on earthquake safety and the Quake Guard app. You can ask me about what to do during or after a quake, preparing your home, or how the alerts work. || I'm built just for earthquake safety questions, so I can't help with that one. Try asking me about emergency kits, drills or what to do when the ground shakes."
